GDM;Category_name_h2;Category_name_h3;Category_name_h4
A1AA_AAA1;NOURRITURE-CHIEN;NOURRITURE-CHIEN-S‘CHE;NOURRITURE-CHIEN-S‘CHE-êPICERIE
A1AA_AAA2;NOURRITURE-CHIEN;NOURRITURE-CHIEN-S‘CHE;NOURRITURE-CHIEN-S‘CHE-êPICERIE
A1AA_AAA3;NOURRITURE-CHIEN;NOURRITURE-CHIEN-S‘CHE;NOURRITURE-CHIEN-S‘CHE-êPICERIE
A1AA_AAB1;NOURRITURE-CHIEN;NOURRITURE-CHIEN-S‘CHE;NOURRITURE-CHIEN-S‘CHE-êPICERIE
A1AA_AAB2;NOURRITURE-CHIEN;NOURRITURE-CHIEN-S‘CHE;NOURRITURE-CHIEN-S‘CHE-êPICERIE
A1AA_AAB3;NOURRITURE-CHIEN;NOURRITURE-CHIEN-S‘CHE;NOURRITURE-CHIEN-S‘CHE-êPICERIE
A1AA_ABA1;NOURRITURE-CHIEN;NOURRITURE-CHIEN-S‘CHE;NOURRITURE-CHIEN-S‘CHE-SPêCIALISêE
A1AA_ABA2;NOURRITURE-CHIEN;NOURRITURE-CHIEN-S‘CHE;NOURRITURE-CHIEN-S‘CHE-SPêCIALISêE
A1AA_ABA3;NOURRITURE-CHIEN;NOURRITURE-CHIEN-S‘CHE;NOURRITURE-CHIEN-S‘CHE-SPêCIALISêE
A1AA_ABB1;NOURRITURE-CHIEN;NOURRITURE-CHIEN-S‘CHE;NOURRITURE-CHIEN-S‘CHE-SPêCIALISêE
A1AA_ABB2;NOURRITURE-CHIEN;NOURRITURE-CHIEN-S‘CHE;NOURRITURE-CHIEN-S‘CHE-SPêCIALISêE
A1AA_ABB3;NOURRITURE-CHIEN;NOURRITURE-CHIEN-S‘CHE;NOURRITURE-CHIEN-S‘CHE-SPêCIALISêE
A1AA_ACA1;NOURRITURE-CHIEN;NOURRITURE-CHIEN-S‘CHE;NOURRITURE-CHIEN-S‘CHE-HOLISTIQUE / NATURELLE
A1AA_ACA2;NOURRITURE-CHIEN;NOURRITURE-CHIEN-S‘CHE;NOURRITURE-CHIEN-S‘CHE-HOLISTIQUE / NATURELLE
A1AA_ACA3;NOURRITURE-CHIEN;NOURRITURE-CHIEN-S‘CHE;NOURRITURE-CHIEN-S‘CHE-HOLISTIQUE / NATURELLE
A1AA_ACB1;NOURRITURE-CHIEN;NOURRITURE-CHIEN-S‘CHE;NOURRITURE-CHIEN-S‘CHE-HOLISTIQUE / NATURELLE
A1AA_ACB2;NOURRITURE-CHIEN;NOURRITURE-CHIEN-S‘CHE;NOURRITURE-CHIEN-S‘CHE-HOLISTIQUE / NATURELLE
A1AA_ACB3;NOURRITURE-CHIEN;NOURRITURE-CHIEN-S‘CHE;NOURRITURE-CHIEN-S‘CHE-HOLISTIQUE / NATURELLE
A1AB_AAZZ;NOURRITURE-CHIEN;NOURRITURE-CHIEN-HUMIDE;NOURRITURE-CHIEN-HUMIDE-êPICERIE
A1AB_ABZZ;NOURRITURE-CHIEN;NOURRITURE-CHIEN-HUMIDE;NOURRITURE-CHIEN-HUMIDE-SPêCIALISêE
A1AB_ACZZ;NOURRITURE-CHIEN;NOURRITURE-CHIEN-HUMIDE;NOURRITURE-CHIEN-HUMIDE-HOLISTIQUE / NATURELLE
A1BA_ACA1;NOURRITURE-CHIEN;NOURRITURE-CHIEN-CRUE;NOURRITURE-CHIEN-CRUE-HOLISTIQUE / NATURELLE
A1BA_ACA2;NOURRITURE-CHIEN;NOURRITURE-CHIEN-CRUE;NOURRITURE-CHIEN-CRUE-HOLISTIQUE / NATURELLE
A1BA_ACA3;NOURRITURE-CHIEN;NOURRITURE-CHIEN-CRUE;NOURRITURE-CHIEN-CRUE-HOLISTIQUE / NATURELLE
A1BD_ACA2;NOURRITURE-CHIEN;NOURRITURE-CHIEN-DêSHYDRATE;NOURRITURE-CHIEN-DêSHYDRATE-HOLISTIQUE / NATURELLE
A1BI_ACA2;NOURRITURE-CHIEN;NOURRITURE-CHIEN-LYOPHILISêE;NOURRITURE-CHIEN-LYOPHILISêE-HOLISTIQUE / NATURELLE
A1BJ_ACA2;NOURRITURE-CHIEN;NOURRITURE-CHIEN-CUIT;NOURRITURE-CHIEN-CUIT-HOLISTIQUE / NATURELLE
A1BK_ACA2;NOURRITURE-CHIEN;NOURRITURE-CHIEN-S‘CHE AIR;NOURRITURE-CHIEN-S‘CHE AIR-HOLISTIQUE / NATURELLE
A2AA_AAA1;NOURRITURE-CHAT;NOURRITURE-CHAT-S‘CHE;NOURRITURE-CHAT-S‘CHE-êPICERIE
A2AA_AAA2;NOURRITURE-CHAT;NOURRITURE-CHAT-S‘CHE;NOURRITURE-CHAT-S‘CHE-êPICERIE
A2AA_AAA3;NOURRITURE-CHAT;NOURRITURE-CHAT-S‘CHE;NOURRITURE-CHAT-S‘CHE-êPICERIE
A2AA_AAB1;NOURRITURE-CHAT;NOURRITURE-CHAT-S‘CHE;NOURRITURE-CHAT-S‘CHE-êPICERIE
A2AA_AAB2;NOURRITURE-CHAT;NOURRITURE-CHAT-S‘CHE;NOURRITURE-CHAT-S‘CHE-êPICERIE
A2AA_AAB3;NOURRITURE-CHAT;NOURRITURE-CHAT-S‘CHE;NOURRITURE-CHAT-S‘CHE-êPICERIE
A2AA_ABA1;NOURRITURE-CHAT;NOURRITURE-CHAT-S‘CHE;NOURRITURE-CHAT-S‘CHE-SPêCIALISêE
A2AA_ABA2;NOURRITURE-CHAT;NOURRITURE-CHAT-S‘CHE;NOURRITURE-CHAT-S‘CHE-SPêCIALISêE
A2AA_ABA3;NOURRITURE-CHAT;NOURRITURE-CHAT-S‘CHE;NOURRITURE-CHAT-S‘CHE-SPêCIALISêE
A2AA_ABB1;NOURRITURE-CHAT;NOURRITURE-CHAT-S‘CHE;NOURRITURE-CHAT-S‘CHE-SPêCIALISêE
A2AA_ABB2;NOURRITURE-CHAT;NOURRITURE-CHAT-S‘CHE;NOURRITURE-CHAT-S‘CHE-SPêCIALISêE
A2AA_ABB3;NOURRITURE-CHAT;NOURRITURE-CHAT-S‘CHE;NOURRITURE-CHAT-S‘CHE-SPêCIALISêE
A2AA_ACA1;NOURRITURE-CHAT;NOURRITURE-CHAT-S‘CHE;NOURRITURE-CHAT-S‘CHE-HOLISTIQUE / NATURELLE
A2AA_ACA2;NOURRITURE-CHAT;NOURRITURE-CHAT-S‘CHE;NOURRITURE-CHAT-S‘CHE-HOLISTIQUE / NATURELLE
A2AA_ACA3;NOURRITURE-CHAT;NOURRITURE-CHAT-S‘CHE;NOURRITURE-CHAT-S‘CHE-HOLISTIQUE / NATURELLE
A2AA_ACB1;NOURRITURE-CHAT;NOURRITURE-CHAT-S‘CHE;NOURRITURE-CHAT-S‘CHE-HOLISTIQUE / NATURELLE
A2AA_ACB2;NOURRITURE-CHAT;NOURRITURE-CHAT-S‘CHE;NOURRITURE-CHAT-S‘CHE-HOLISTIQUE / NATURELLE
A2AA_ACB3;NOURRITURE-CHAT;NOURRITURE-CHAT-S‘CHE;NOURRITURE-CHAT-S‘CHE-HOLISTIQUE / NATURELLE
A2AB_AAZZ;NOURRITURE-CHAT;NOURRITURE-CHAT-HUMIDE;NOURRITURE-CHAT-HUMIDE-êPICERIE
A2AB_ABZZ;NOURRITURE-CHAT;NOURRITURE-CHAT-HUMIDE;NOURRITURE-CHAT-HUMIDE-SPêCIALISêE
A2AB_ACZZ;NOURRITURE-CHAT;NOURRITURE-CHAT-HUMIDE;NOURRITURE-CHAT-HUMIDE-HOLISTIQUE / NATURELLE
A2BA_ACA1;NOURRITURE-CHAT;NOURRITURE-CHAT-CRUE;NOURRITURE-CHAT-CRUE-HOLISTIQUE / NATURELLE
A2BA_ACA2;NOURRITURE-CHAT;NOURRITURE-CHAT-CRUE;NOURRITURE-CHAT-CRUE-HOLISTIQUE / NATURELLE
A2BA_ACA3;NOURRITURE-CHAT;NOURRITURE-CHAT-CRUE;NOURRITURE-CHAT-CRUE-HOLISTIQUE / NATURELLE
A2BD_ACA2;NOURRITURE-CHAT;NOURRITURE-CHAT-DêSHYDRATE;NOURRITURE-CHAT-DêSHYDRATE-HOLISTIQUE / NATURELLE
A2BI_ACA2;NOURRITURE-CHAT;NOURRITURE-CHAT-LYOPHILISêE;NOURRITURE-CHAT-LYOPHILISêE-HOLISTIQUE / NATURELLE
A2BK_ACA2;NOURRITURE-CHAT;NOURRITURE-CHAT-S‘CHE AIR;NOURRITURE-CHAT-S‘CHE AIR-HOLISTIQUE / NATURELLE
A4AF_AFZZ;NOURRITURE-OISEAUX;NOURRITURE-OISEAUX-GRAINS;NOURRITURE-OISEAUX-GRAINS-SAUVAGES
A4AF_AGZZ;NOURRITURE-OISEAUX;NOURRITURE-OISEAUX-GRAINS;NOURRITURE-OISEAUX-GRAINS-DOMESTIQUES
A5AV_AHZZ;NOURRITURE-PETITS ANIMAUX;NOURRITURE-PETITS ANIMAUX-PETITS ANIMAUX;NOURRITURE-PETITS ANIMAUX-PETITS ANIMAUX-LAPIN
A5AV_AIZZ;NOURRITURE-PETITS ANIMAUX;NOURRITURE-PETITS ANIMAUX-PETITS ANIMAUX;NOURRITURE-PETITS ANIMAUX-PETITS ANIMAUX-COCHON D'INDE
A5AV_AJZZ;NOURRITURE-PETITS ANIMAUX;NOURRITURE-PETITS ANIMAUX-PETITS ANIMAUX;NOURRITURE-PETITS ANIMAUX-PETITS ANIMAUX-CHINCHILLA
A5AV_AKZZ;NOURRITURE-PETITS ANIMAUX;NOURRITURE-PETITS ANIMAUX-PETITS ANIMAUX;NOURRITURE-PETITS ANIMAUX-PETITS ANIMAUX-HAMSTER
A5AV_ALZZ;NOURRITURE-PETITS ANIMAUX;NOURRITURE-PETITS ANIMAUX-PETITS ANIMAUX;NOURRITURE-PETITS ANIMAUX-PETITS ANIMAUX-POISSONS
A5AV_CQZZ;NOURRITURE-PETITS ANIMAUX;NOURRITURE-PETITS ANIMAUX-PETITS ANIMAUX;NOURRITURE-PETITS ANIMAUX-PETITS ANIMAUX-REPTILES
A5AV_YYZZ;NOURRITURE-PETITS ANIMAUX;NOURRITURE-PETITS ANIMAUX-PETITS ANIMAUX;NOURRITURE-PETITS ANIMAUX-PETITS ANIMAUX-AUTRES
B1AC_CMCZ;G∂TERIES-CHIEN;G∂TERIES-CHIEN-OS ET PARTIES ANIMALES;G∂TERIES-CHIEN-OS ET PARTIES ANIMALES-OS CUIR BRUN
B1AC_CMDZ;G∂TERIES-CHIEN;G∂TERIES-CHIEN-OS ET PARTIES ANIMALES;G∂TERIES-CHIEN-OS ET PARTIES ANIMALES-OS CUIR BRUN
B1AC_CNCZ;G∂TERIES-CHIEN;G∂TERIES-CHIEN-OS ET PARTIES ANIMALES;G∂TERIES-CHIEN-OS ET PARTIES ANIMALES-OS CUIR BLANC
B1AC_CNDZ;G∂TERIES-CHIEN;G∂TERIES-CHIEN-OS ET PARTIES ANIMALES;G∂TERIES-CHIEN-OS ET PARTIES ANIMALES-OS CUIR BLANC
B1AC_COZZ;G∂TERIES-CHIEN;G∂TERIES-CHIEN-OS ET PARTIES ANIMALES;G∂TERIES-CHIEN-OS ET PARTIES ANIMALES-OS NON-CUIR
B1AC_CPEZ;G∂TERIES-CHIEN;G∂TERIES-CHIEN-OS ET PARTIES ANIMALES;G∂TERIES-CHIEN-OS ET PARTIES ANIMALES-PARTIES ANIMALES
B1AC_CPYZ;G∂TERIES-CHIEN;G∂TERIES-CHIEN-OS ET PARTIES ANIMALES;G∂TERIES-CHIEN-OS ET PARTIES ANIMALES-PARTIES ANIMALES
B1AD_AAZZ;G∂TERIES-CHIEN;G∂TERIES-CHIEN-BISCUITS;G∂TERIES-CHIEN-BISCUITS-êPICERIE
B1AD_ABZZ;G∂TERIES-CHIEN;G∂TERIES-CHIEN-BISCUITS;G∂TERIES-CHIEN-BISCUITS-SPêCIALISêE
B1AW_ZZZZ;G∂TERIES-CHIEN;G∂TERIES-CHIEN-NOEL;G∂TERIES-CHIEN-NOEL-NON-DEFINI
B1BB_AAZZ;G∂TERIES-CHIEN;G∂TERIES-CHIEN-CHEWY;G∂TERIES-CHIEN-CHEWY-êPICERIE
B1BB_ABZZ;G∂TERIES-CHIEN;G∂TERIES-CHIEN-CHEWY;G∂TERIES-CHIEN-CHEWY-SPêCIALISêE
B1BC_AAZZ;G∂TERIES-CHIEN;G∂TERIES-CHIEN-DENTAIRE;G∂TERIES-CHIEN-DENTAIRE-êPICERIE
B1BC_ABZZ;G∂TERIES-CHIEN;G∂TERIES-CHIEN-DENTAIRE;G∂TERIES-CHIEN-DENTAIRE-SPêCIALISêE
B1BD_AAZZ;G∂TERIES-CHIEN;G∂TERIES-CHIEN-DêSHYDRATê;G∂TERIES-CHIEN-DêSHYDRATê-êPICERIE
B1BD_ABZZ;G∂TERIES-CHIEN;G∂TERIES-CHIEN-DêSHYDRATê;G∂TERIES-CHIEN-DêSHYDRATê-SPêCIALISêE
B1YY_ZZZZ;G∂TERIES-CHIEN;G∂TERIES-CHIEN-AUTRES;G∂TERIES-CHIEN-AUTRES-NON-DEFINI
B2AE_AAZZ;G∂TERIES-CHAT;G∂TERIES-CHAT-RêCOMPENSE;G∂TERIES-CHAT-RêCOMPENSE-êPICERIE
B2AE_ABZZ;G∂TERIES-CHAT;G∂TERIES-CHAT-RêCOMPENSE;G∂TERIES-CHAT-RêCOMPENSE-SPêCIALISêE
B4BE_ZZZZ;G∂TERIES-OISEAUX;G∂TERIES-OISEAUX-BATONS;G∂TERIES-OISEAUX-BATONS-NON-DEFINI
B4YY_ZZZZ;G∂TERIES-OISEAUX;G∂TERIES-OISEAUX-AUTRES;G∂TERIES-OISEAUX-AUTRES-NON-DEFINI
B5BE_ZZZZ;G∂TERIES-PETITS ANIMAUX;G∂TERIES-PETITS ANIMAUX-BATONS;G∂TERIES-PETITS ANIMAUX-BATONS-NON-DEFINI
B5YY_ZZZZ;G∂TERIES-PETITS ANIMAUX;G∂TERIES-PETITS ANIMAUX-AUTRES;G∂TERIES-PETITS ANIMAUX-AUTRES-NON-DEFINI
C1AG_ANZZ;PROPRETê-CHIEN;PROPRETê-CHIEN-RêTENTION;PROPRETê-CHIEN-RêTENTION-TAPIS D'ENTRAINEMENT
C1AG_AOZZ;PROPRETê-CHIEN;PROPRETê-CHIEN-RêTENTION;PROPRETê-CHIEN-RêTENTION-COUCHES ET CULOTTES
C1AG_YYZZ;PROPRETê-CHIEN;PROPRETê-CHIEN-RêTENTION;PROPRETê-CHIEN-RêTENTION-AUTRES
C1AI_AXZZ;PROPRETê-CHIEN;PROPRETê-CHIEN-ACCESSOIRES PROPRETê;PROPRETê-CHIEN-ACCESSOIRES PROPRETê-DêSODORISANTS ET NETTOYANTS
C1AI_AYZZ;PROPRETê-CHIEN;PROPRETê-CHIEN-ACCESSOIRES PROPRETê;PROPRETê-CHIEN-ACCESSOIRES PROPRETê-NAPERRONS ET TAPIS
C1AI_AZZZ;PROPRETê-CHIEN;PROPRETê-CHIEN-ACCESSOIRES PROPRETê;PROPRETê-CHIEN-ACCESSOIRES PROPRETê-SACS DE RAMASSAGE ET ACCESSOIRES
C1AI_YYZZ;PROPRETê-CHIEN;PROPRETê-CHIEN-ACCESSOIRES PROPRETê;PROPRETê-CHIEN-ACCESSOIRES PROPRETê-AUTRES
C2AH_AQZZ;PROPRETê-CHAT;PROPRETê-CHAT-LITI‘RES;PROPRETê-CHAT-LITI‘RES-AGGLOMêRANTE
C2AH_ARZZ;PROPRETê-CHAT;PROPRETê-CHAT-LITI‘RES;PROPRETê-CHAT-LITI‘RES-ABSORBANTE
C2AH_ASZZ;PROPRETê-CHAT;PROPRETê-CHAT-LITI‘RES;PROPRETê-CHAT-LITI‘RES-SPêCIALISêES
C2AI_ATZZ;PROPRETê-CHAT;PROPRETê-CHAT-ACCESSOIRES PROPRETê;PROPRETê-CHAT-ACCESSOIRES PROPRETê-BAC ∑ LITI‘RE
C2AI_AUZZ;PROPRETê-CHAT;PROPRETê-CHAT-ACCESSOIRES PROPRETê;PROPRETê-CHAT-ACCESSOIRES PROPRETê-PELLES ∑ LITI‘RES
C2AI_AVZZ;PROPRETê-CHAT;PROPRETê-CHAT-ACCESSOIRES PROPRETê;PROPRETê-CHAT-ACCESSOIRES PROPRETê-SACS ET FILTRES
C2AI_AWZZ;PROPRETê-CHAT;PROPRETê-CHAT-ACCESSOIRES PROPRETê;PROPRETê-CHAT-ACCESSOIRES PROPRETê-POUBELLES ET RECHARGES
C2AI_AXZZ;PROPRETê-CHAT;PROPRETê-CHAT-ACCESSOIRES PROPRETê;PROPRETê-CHAT-ACCESSOIRES PROPRETê-DêSODORISANTS ET NETTOYANTS
C2AI_AYZZ;PROPRETê-CHAT;PROPRETê-CHAT-ACCESSOIRES PROPRETê;PROPRETê-CHAT-ACCESSOIRES PROPRETê-NAPERRONS ET TAPIS
D1AJ_APZZ;SOINS -CHIEN;SOINS -CHIEN-TOILETTAGE;SOINS -CHIEN-TOILETTAGE-POILS
D1AJ_BAZZ;SOINS -CHIEN;SOINS -CHIEN-TOILETTAGE;SOINS -CHIEN-TOILETTAGE-GRIFFES
D1AJ_BBZZ;SOINS -CHIEN;SOINS -CHIEN-TOILETTAGE;SOINS -CHIEN-TOILETTAGE-DENTS-OREILLES-YEUX
D1AJ_BCZZ;SOINS -CHIEN;SOINS -CHIEN-TOILETTAGE;SOINS -CHIEN-TOILETTAGE-RASOIRS - TONTE
D1AJ_BDZZ;SOINS -CHIEN;SOINS -CHIEN-TOILETTAGE;SOINS -CHIEN-TOILETTAGE-SHAMPOINGS ET CONTR‚LE DES ODEURS
D1AJ_YYZZ;SOINS -CHIEN;SOINS -CHIEN-TOILETTAGE;SOINS -CHIEN-TOILETTAGE-AUTRES
D1AK_BEZZ;SOINS -CHIEN;SOINS -CHIEN-PHARMACIE;SOINS -CHIEN-PHARMACIE-CONTR‚LE DES PUCES
D1AK_BFZZ;SOINS -CHIEN;SOINS -CHIEN-PHARMACIE;SOINS -CHIEN-PHARMACIE-TRAITEMENTS
D1AK_BGZZ;SOINS -CHIEN;SOINS -CHIEN-PHARMACIE;SOINS -CHIEN-PHARMACIE-SUPPLêMENTS
D1AK_BHZZ;SOINS -CHIEN;SOINS -CHIEN-PHARMACIE;SOINS -CHIEN-PHARMACIE-RêPULSIFS
D1AK_YYZZ;SOINS -CHIEN;SOINS -CHIEN-PHARMACIE;SOINS -CHIEN-PHARMACIE-AUTRES
D2AJ_APZZ;SOINS -CHAT;SOINS -CHAT-TOILETTAGE;SOINS -CHAT-TOILETTAGE-POILS
D2AJ_BAZZ;SOINS -CHAT;SOINS -CHAT-TOILETTAGE;SOINS -CHAT-TOILETTAGE-GRIFFES
D2AJ_BBZZ;SOINS -CHAT;SOINS -CHAT-TOILETTAGE;SOINS -CHAT-TOILETTAGE-DENTS-OREILLES-YEUX
D2AJ_BCZZ;SOINS -CHAT;SOINS -CHAT-TOILETTAGE;SOINS -CHAT-TOILETTAGE-RASOIRS - TONTE
D2AJ_BDZZ;SOINS -CHAT;SOINS -CHAT-TOILETTAGE;SOINS -CHAT-TOILETTAGE-SHAMPOINGS ET CONTR‚LE DES ODEURS
D2AJ_YYZZ;SOINS -CHAT;SOINS -CHAT-TOILETTAGE;SOINS -CHAT-TOILETTAGE-AUTRES
D2AK_BEZZ;SOINS -CHAT;SOINS -CHAT-PHARMACIE;SOINS -CHAT-PHARMACIE-CONTR‚LE DES PUCES
D2AK_BFZZ;SOINS -CHAT;SOINS -CHAT-PHARMACIE;SOINS -CHAT-PHARMACIE-TRAITEMENTS
D2AK_BGZZ;SOINS -CHAT;SOINS -CHAT-PHARMACIE;SOINS -CHAT-PHARMACIE-SUPPLêMENTS
D2AK_BHZZ;SOINS -CHAT;SOINS -CHAT-PHARMACIE;SOINS -CHAT-PHARMACIE-RêPULSIFS
D2AK_YYZZ;SOINS -CHAT;SOINS -CHAT-PHARMACIE;SOINS -CHAT-PHARMACIE-AUTRES
D4AK_BGZZ;SOINS -OISEAUX;SOINS -OISEAUX-PHARMACIE;SOINS -OISEAUX-PHARMACIE-SUPPLêMENTS
D4AK_YYZZ;SOINS -OISEAUX;SOINS -OISEAUX-PHARMACIE;SOINS -OISEAUX-PHARMACIE-AUTRES
D5AK_BGZZ;SOINS -PETITS ANIMAUX;SOINS -PETITS ANIMAUX-PHARMACIE;SOINS -PETITS ANIMAUX-PHARMACIE-SUPPLêMENTS
D5AK_YYZZ;SOINS -PETITS ANIMAUX;SOINS -PETITS ANIMAUX-PHARMACIE;SOINS -PETITS ANIMAUX-PHARMACIE-AUTRES
E1AL_BIFZ;ACCESSOIRES-CHIEN;ACCESSOIRES-CHIEN-LAISSES/COLLIERS/HARNAIS;ACCESSOIRES-CHIEN-LAISSES/COLLIERS/HARNAIS-LAISSES
E1AL_BIGZ;ACCESSOIRES-CHIEN;ACCESSOIRES-CHIEN-LAISSES/COLLIERS/HARNAIS;ACCESSOIRES-CHIEN-LAISSES/COLLIERS/HARNAIS-LAISSES
E1AL_BIHZ;ACCESSOIRES-CHIEN;ACCESSOIRES-CHIEN-LAISSES/COLLIERS/HARNAIS;ACCESSOIRES-CHIEN-LAISSES/COLLIERS/HARNAIS-LAISSES
E1AL_BIYZ;ACCESSOIRES-CHIEN;ACCESSOIRES-CHIEN-LAISSES/COLLIERS/HARNAIS;ACCESSOIRES-CHIEN-LAISSES/COLLIERS/HARNAIS-LAISSES
E1AL_BJFZ;ACCESSOIRES-CHIEN;ACCESSOIRES-CHIEN-LAISSES/COLLIERS/HARNAIS;ACCESSOIRES-CHIEN-LAISSES/COLLIERS/HARNAIS-COLLIERS
E1AL_BJGZ;ACCESSOIRES-CHIEN;ACCESSOIRES-CHIEN-LAISSES/COLLIERS/HARNAIS;ACCESSOIRES-CHIEN-LAISSES/COLLIERS/HARNAIS-COLLIERS
E1AL_BJIZ;ACCESSOIRES-CHIEN;ACCESSOIRES-CHIEN-LAISSES/COLLIERS/HARNAIS;ACCESSOIRES-CHIEN-LAISSES/COLLIERS/HARNAIS-COLLIERS
E1AL_BJYZ;ACCESSOIRES-CHIEN;ACCESSOIRES-CHIEN-LAISSES/COLLIERS/HARNAIS;ACCESSOIRES-CHIEN-LAISSES/COLLIERS/HARNAIS-COLLIERS
E1AL_BKFZ;ACCESSOIRES-CHIEN;ACCESSOIRES-CHIEN-LAISSES/COLLIERS/HARNAIS;ACCESSOIRES-CHIEN-LAISSES/COLLIERS/HARNAIS-HARNAIS
E1AL_BKGZ;ACCESSOIRES-CHIEN;ACCESSOIRES-CHIEN-LAISSES/COLLIERS/HARNAIS;ACCESSOIRES-CHIEN-LAISSES/COLLIERS/HARNAIS-HARNAIS
E1AL_BKYZ;ACCESSOIRES-CHIEN;ACCESSOIRES-CHIEN-LAISSES/COLLIERS/HARNAIS;ACCESSOIRES-CHIEN-LAISSES/COLLIERS/HARNAIS-HARNAIS
E1AL_YYJZ;ACCESSOIRES-CHIEN;ACCESSOIRES-CHIEN-LAISSES/COLLIERS/HARNAIS;ACCESSOIRES-CHIEN-LAISSES/COLLIERS/HARNAIS-AUTRES
E1AL_YYKZ;ACCESSOIRES-CHIEN;ACCESSOIRES-CHIEN-LAISSES/COLLIERS/HARNAIS;ACCESSOIRES-CHIEN-LAISSES/COLLIERS/HARNAIS-AUTRES
E1AM_BLLZ;ACCESSOIRES-CHIEN;ACCESSOIRES-CHIEN-V“TEMENTS;ACCESSOIRES-CHIEN-V“TEMENTS-COUVRE-CORPS
E1AM_BLMZ;ACCESSOIRES-CHIEN;ACCESSOIRES-CHIEN-V“TEMENTS;ACCESSOIRES-CHIEN-V“TEMENTS-COUVRE-CORPS
E1AM_BLRZ;ACCESSOIRES-CHIEN;ACCESSOIRES-CHIEN-V“TEMENTS;ACCESSOIRES-CHIEN-V“TEMENTS-COUVRE-CORPS
E1AM_BMZZ;ACCESSOIRES-CHIEN;ACCESSOIRES-CHIEN-V“TEMENTS;ACCESSOIRES-CHIEN-V“TEMENTS-BOTTES
E1AM_BNZZ;ACCESSOIRES-CHIEN;ACCESSOIRES-CHIEN-V“TEMENTS;ACCESSOIRES-CHIEN-V“TEMENTS-FOULARDS ET BOUCLES
E1AN_BOZZ;ACCESSOIRES-CHIEN;ACCESSOIRES-CHIEN-CONFORT;ACCESSOIRES-CHIEN-CONFORT-COUSSINS
E1AN_YYZZ;ACCESSOIRES-CHIEN;ACCESSOIRES-CHIEN-CONFORT;ACCESSOIRES-CHIEN-CONFORT-AUTRES
E1AO_BQZZ;ACCESSOIRES-CHIEN;ACCESSOIRES-CHIEN-JOUETS;ACCESSOIRES-CHIEN-JOUETS-LATEX
E1AO_BRZZ;ACCESSOIRES-CHIEN;ACCESSOIRES-CHIEN-JOUETS;ACCESSOIRES-CHIEN-JOUETS-CAOUTCHOUC
E1AO_BSZZ;ACCESSOIRES-CHIEN;ACCESSOIRES-CHIEN-JOUETS;ACCESSOIRES-CHIEN-JOUETS-VINYLE
E1AO_BTZZ;ACCESSOIRES-CHIEN;ACCESSOIRES-CHIEN-JOUETS;ACCESSOIRES-CHIEN-JOUETS-PELUCHE ET TISSU
E1AO_YYZZ;ACCESSOIRES-CHIEN;ACCESSOIRES-CHIEN-JOUETS;ACCESSOIRES-CHIEN-JOUETS-AUTRES
E1AP_BVNZ;ACCESSOIRES-CHIEN;ACCESSOIRES-CHIEN-BOLS/CONTENANTS/DISTRIBUTEURS;ACCESSOIRES-CHIEN-BOLS/CONTENANTS/DISTRIBUTEURS-BOLS
E1AP_BVOZ;ACCESSOIRES-CHIEN;ACCESSOIRES-CHIEN-BOLS/CONTENANTS/DISTRIBUTEURS;ACCESSOIRES-CHIEN-BOLS/CONTENANTS/DISTRIBUTEURS-BOLS
E1AP_BVYZ;ACCESSOIRES-CHIEN;ACCESSOIRES-CHIEN-BOLS/CONTENANTS/DISTRIBUTEURS;ACCESSOIRES-CHIEN-BOLS/CONTENANTS/DISTRIBUTEURS-BOLS
E1AP_BWZZ;ACCESSOIRES-CHIEN;ACCESSOIRES-CHIEN-BOLS/CONTENANTS/DISTRIBUTEURS;ACCESSOIRES-CHIEN-BOLS/CONTENANTS/DISTRIBUTEURS-CONTENANTS D'ENTREPOSAGE / PELLE NOURR
E1AP_BXZZ;ACCESSOIRES-CHIEN;ACCESSOIRES-CHIEN-BOLS/CONTENANTS/DISTRIBUTEURS;ACCESSOIRES-CHIEN-BOLS/CONTENANTS/DISTRIBUTEURS-DISTRIBUTEURS / ABREUVOIRS
E1AP_CRZZ;ACCESSOIRES-CHIEN;ACCESSOIRES-CHIEN-BOLS/CONTENANTS/DISTRIBUTEURS;ACCESSOIRES-CHIEN-BOLS/CONTENANTS/DISTRIBUTEURS-NAPPERONS
E1AQ_BZZZ;ACCESSOIRES-CHIEN;ACCESSOIRES-CHIEN-CAGES/ABRIS;ACCESSOIRES-CHIEN-CAGES/ABRIS-MêTAL
E1AQ_YYPZ;ACCESSOIRES-CHIEN;ACCESSOIRES-CHIEN-CAGES/ABRIS;ACCESSOIRES-CHIEN-CAGES/ABRIS-AUTRES
E1AQ_YYQZ;ACCESSOIRES-CHIEN;ACCESSOIRES-CHIEN-CAGES/ABRIS;ACCESSOIRES-CHIEN-CAGES/ABRIS-AUTRES
E1AR_CBZZ;ACCESSOIRES-CHIEN;ACCESSOIRES-CHIEN-TRANSPORT;ACCESSOIRES-CHIEN-TRANSPORT-SêCURITê
E1AR_CCPZ;ACCESSOIRES-CHIEN;ACCESSOIRES-CHIEN-TRANSPORT;ACCESSOIRES-CHIEN-TRANSPORT-TRANSPORTEURS
E1AR_CCQZ;ACCESSOIRES-CHIEN;ACCESSOIRES-CHIEN-TRANSPORT;ACCESSOIRES-CHIEN-TRANSPORT-TRANSPORTEURS
E1AR_YYZZ;ACCESSOIRES-CHIEN;ACCESSOIRES-CHIEN-TRANSPORT;ACCESSOIRES-CHIEN-TRANSPORT-AUTRES
E1AS_CDZZ;ACCESSOIRES-CHIEN;ACCESSOIRES-CHIEN-DRESSAGE;ACCESSOIRES-CHIEN-DRESSAGE-MUSELI‘RES
E1AS_CEZZ;ACCESSOIRES-CHIEN;ACCESSOIRES-CHIEN-DRESSAGE;ACCESSOIRES-CHIEN-DRESSAGE-ANTI-ABOIEMENT
E1AS_CFZZ;ACCESSOIRES-CHIEN;ACCESSOIRES-CHIEN-DRESSAGE;ACCESSOIRES-CHIEN-DRESSAGE-CLOTÍRE/ENCLOS
E1AS_YYZZ;ACCESSOIRES-CHIEN;ACCESSOIRES-CHIEN-DRESSAGE;ACCESSOIRES-CHIEN-DRESSAGE-AUTRES
E1AU_YYZZ;ACCESSOIRES-CHIEN;ACCESSOIRES-CHIEN-DIVERS;ACCESSOIRES-CHIEN-DIVERS-AUTRES
E1AW_YYZZ;ACCESSOIRES-CHIEN;ACCESSOIRES-CHIEN-NOEL;ACCESSOIRES-CHIEN-NOEL-AUTRES
E1AY_YYZZ;ACCESSOIRES-CHIEN;ACCESSOIRES-CHIEN-ITEMS PROMOTIONNELS;ACCESSOIRES-CHIEN-ITEMS PROMOTIONNELS-AUTRES
E2AL_BIFZ;ACCESSOIRES-CHAT;ACCESSOIRES-CHAT-LAISSES/COLLIERS/HARNAIS;ACCESSOIRES-CHAT-LAISSES/COLLIERS/HARNAIS-LAISSES
E2AL_BIGZ;ACCESSOIRES-CHAT;ACCESSOIRES-CHAT-LAISSES/COLLIERS/HARNAIS;ACCESSOIRES-CHAT-LAISSES/COLLIERS/HARNAIS-LAISSES
E2AL_BIHZ;ACCESSOIRES-CHAT;ACCESSOIRES-CHAT-LAISSES/COLLIERS/HARNAIS;ACCESSOIRES-CHAT-LAISSES/COLLIERS/HARNAIS-LAISSES
E2AL_BIYZ;ACCESSOIRES-CHAT;ACCESSOIRES-CHAT-LAISSES/COLLIERS/HARNAIS;ACCESSOIRES-CHAT-LAISSES/COLLIERS/HARNAIS-LAISSES
E2AL_BJFZ;ACCESSOIRES-CHAT;ACCESSOIRES-CHAT-LAISSES/COLLIERS/HARNAIS;ACCESSOIRES-CHAT-LAISSES/COLLIERS/HARNAIS-COLLIERS
E2AL_BJGZ;ACCESSOIRES-CHAT;ACCESSOIRES-CHAT-LAISSES/COLLIERS/HARNAIS;ACCESSOIRES-CHAT-LAISSES/COLLIERS/HARNAIS-COLLIERS
E2AL_BJIZ;ACCESSOIRES-CHAT;ACCESSOIRES-CHAT-LAISSES/COLLIERS/HARNAIS;ACCESSOIRES-CHAT-LAISSES/COLLIERS/HARNAIS-COLLIERS
E2AL_BJYZ;ACCESSOIRES-CHAT;ACCESSOIRES-CHAT-LAISSES/COLLIERS/HARNAIS;ACCESSOIRES-CHAT-LAISSES/COLLIERS/HARNAIS-COLLIERS
E2AL_BKFZ;ACCESSOIRES-CHAT;ACCESSOIRES-CHAT-LAISSES/COLLIERS/HARNAIS;ACCESSOIRES-CHAT-LAISSES/COLLIERS/HARNAIS-HARNAIS
E2AL_BKGZ;ACCESSOIRES-CHAT;ACCESSOIRES-CHAT-LAISSES/COLLIERS/HARNAIS;ACCESSOIRES-CHAT-LAISSES/COLLIERS/HARNAIS-HARNAIS
E2AL_BKYZ;ACCESSOIRES-CHAT;ACCESSOIRES-CHAT-LAISSES/COLLIERS/HARNAIS;ACCESSOIRES-CHAT-LAISSES/COLLIERS/HARNAIS-HARNAIS
E2AL_YYJZ;ACCESSOIRES-CHAT;ACCESSOIRES-CHAT-LAISSES/COLLIERS/HARNAIS;ACCESSOIRES-CHAT-LAISSES/COLLIERS/HARNAIS-AUTRES
E2AL_YYKZ;ACCESSOIRES-CHAT;ACCESSOIRES-CHAT-LAISSES/COLLIERS/HARNAIS;ACCESSOIRES-CHAT-LAISSES/COLLIERS/HARNAIS-AUTRES
E2AM_BLMZ;ACCESSOIRES-CHAT;ACCESSOIRES-CHAT-V“TEMENTS;ACCESSOIRES-CHAT-V“TEMENTS-COUVRE-CORPS
E2AM_BLRZ;ACCESSOIRES-CHAT;ACCESSOIRES-CHAT-V“TEMENTS;ACCESSOIRES-CHAT-V“TEMENTS-COUVRE-CORPS
E2AM_BNZZ;ACCESSOIRES-CHAT;ACCESSOIRES-CHAT-V“TEMENTS;ACCESSOIRES-CHAT-V“TEMENTS-FOULARDS ET BOUCLES
E2AN_BPZZ;ACCESSOIRES-CHAT;ACCESSOIRES-CHAT-CONFORT;ACCESSOIRES-CHAT-CONFORT-ARBRES ∑ CHAT
E2AN_YYZZ;ACCESSOIRES-CHAT;ACCESSOIRES-CHAT-CONFORT;ACCESSOIRES-CHAT-CONFORT-AUTRES
E2AO_BUZZ;ACCESSOIRES-CHAT;ACCESSOIRES-CHAT-JOUETS;ACCESSOIRES-CHAT-JOUETS-GRATTOIRS
E2AO_BYZZ;ACCESSOIRES-CHAT;ACCESSOIRES-CHAT-JOUETS;ACCESSOIRES-CHAT-JOUETS-HERBE ∑ CHAT
E2AO_YYZZ;ACCESSOIRES-CHAT;ACCESSOIRES-CHAT-JOUETS;ACCESSOIRES-CHAT-JOUETS-AUTRES 
E2AP_BVNZ;ACCESSOIRES-CHAT;ACCESSOIRES-CHAT-BOLS/CONTENANTS/DISTRIBUTEURS;ACCESSOIRES-CHAT-BOLS/CONTENANTS/DISTRIBUTEURS-BOLS
E2AP_BVOZ;ACCESSOIRES-CHAT;ACCESSOIRES-CHAT-BOLS/CONTENANTS/DISTRIBUTEURS;ACCESSOIRES-CHAT-BOLS/CONTENANTS/DISTRIBUTEURS-BOLS
E2AP_BVYZ;ACCESSOIRES-CHAT;ACCESSOIRES-CHAT-BOLS/CONTENANTS/DISTRIBUTEURS;ACCESSOIRES-CHAT-BOLS/CONTENANTS/DISTRIBUTEURS-BOLS
E2AP_BWZZ;ACCESSOIRES-CHAT;ACCESSOIRES-CHAT-BOLS/CONTENANTS/DISTRIBUTEURS;ACCESSOIRES-CHAT-BOLS/CONTENANTS/DISTRIBUTEURS-CONTENANTS D'ENTREPOSAGE / PELLE NOURR
E2AP_BXZZ;ACCESSOIRES-CHAT;ACCESSOIRES-CHAT-BOLS/CONTENANTS/DISTRIBUTEURS;ACCESSOIRES-CHAT-BOLS/CONTENANTS/DISTRIBUTEURS-DISTRIBUTEURS / ABREUVOIRS
E2AP_CRZZ;ACCESSOIRES-CHAT;ACCESSOIRES-CHAT-BOLS/CONTENANTS/DISTRIBUTEURS;ACCESSOIRES-CHAT-BOLS/CONTENANTS/DISTRIBUTEURS-NAPPERONS
E2AR_CBZZ;ACCESSOIRES-CHAT;ACCESSOIRES-CHAT-TRANSPORT;ACCESSOIRES-CHAT-TRANSPORT-SêCURITê
E2AR_CCPZ;ACCESSOIRES-CHAT;ACCESSOIRES-CHAT-TRANSPORT;ACCESSOIRES-CHAT-TRANSPORT-TRANSPORTEURS
E2AR_CCQZ;ACCESSOIRES-CHAT;ACCESSOIRES-CHAT-TRANSPORT;ACCESSOIRES-CHAT-TRANSPORT-TRANSPORTEURS
E2AR_YYZZ;ACCESSOIRES-CHAT;ACCESSOIRES-CHAT-TRANSPORT;ACCESSOIRES-CHAT-TRANSPORT-AUTRES
E2AU_YYZZ;ACCESSOIRES-CHAT;ACCESSOIRES-CHAT-DIVERS;ACCESSOIRES-CHAT-DIVERS-AUTRES
E2AW_YYZZ;ACCESSOIRES-CHAT;ACCESSOIRES-CHAT-NOEL;ACCESSOIRES-CHAT-NOEL-AUTRES
E2AY_YYZZ;ACCESSOIRES-CHAT;ACCESSOIRES-CHAT-ITEMS PROMOTIONNELS;ACCESSOIRES-CHAT-ITEMS PROMOTIONNELS-AUTRES
E4AO_YYZZ;ACCESSOIRES-OISEAUX;ACCESSOIRES-OISEAUX-JOUETS;ACCESSOIRES-OISEAUX-JOUETS-AUTRES 
E4AQ_AFZZ;ACCESSOIRES-OISEAUX;ACCESSOIRES-OISEAUX-CAGES/ABRIS;ACCESSOIRES-OISEAUX-CAGES/ABRIS-SAUVAGES
E4AQ_AGZZ;ACCESSOIRES-OISEAUX;ACCESSOIRES-OISEAUX-CAGES/ABRIS;ACCESSOIRES-OISEAUX-CAGES/ABRIS-DOMESTIQUES
E4AQ_CAZZ;ACCESSOIRES-OISEAUX;ACCESSOIRES-OISEAUX-CAGES/ABRIS;ACCESSOIRES-OISEAUX-CAGES/ABRIS-MANGEOIRES
E4AQ_YYZZ;ACCESSOIRES-OISEAUX;ACCESSOIRES-OISEAUX-CAGES/ABRIS;ACCESSOIRES-OISEAUX-CAGES/ABRIS-AUTRES
E4BG_AFZZ;ACCESSOIRES-OISEAUX;ACCESSOIRES-OISEAUX-MANGEOIRES;ACCESSOIRES-OISEAUX-MANGEOIRES-SAUVAGES
E4YY_CJZZ;ACCESSOIRES-OISEAUX;ACCESSOIRES-OISEAUX-AUTRES;ACCESSOIRES-OISEAUX-AUTRES-DOMESTIQUES
E4YY_CKZZ;ACCESSOIRES-OISEAUX;ACCESSOIRES-OISEAUX-AUTRES;ACCESSOIRES-OISEAUX-AUTRES-SAUVAGES
E5AO_YYZZ;ACCESSOIRES-PETITS ANIMAUX ET POISSONS;ACCESSOIRES-PETITS ANIMAUX ET POISSONS-JOUETS;ACCESSOIRES-PETITS ANIMAUX ET POISSONS-JOUETS-AUTRES 
E5AQ_ZZZZ;ACCESSOIRES-PETITS ANIMAUX;ACCESSOIRES-PETITS ANIMAUX-CAGES/ABRIS;ACCESSOIRES-PETITS ANIMAUX-CAGES/ABRIS-NON-DEFINI
E5AU_YYZZ;ACCESSOIRES-PETITS ANIMAUX ET POISSONS;ACCESSOIRES-PETITS ANIMAUX ET POISSONS-DIVERS;ACCESSOIRES-PETITS ANIMAUX ET POISSONS-DIVERS-AUTRES 
E5BH_ALZZ;ACCESSOIRES-PETITS ANIMAUX;ACCESSOIRES-PETITS ANIMAUX-HABITATS;ACCESSOIRES-PETITS ANIMAUX-HABITATS-POISSONS
E5BH_CQZZ;ACCESSOIRES-PETITS ANIMAUX;ACCESSOIRES-PETITS ANIMAUX-HABITATS;ACCESSOIRES-PETITS ANIMAUX-HABITATS-REPTILES
E5YY_ALZZ;ACCESSOIRES-PETITS ANIMAUX;ACCESSOIRES-PETITS ANIMAUX-AUTRES;ACCESSOIRES-PETITS ANIMAUX-AUTRES-POISSONS
E5YY_CQZZ;ACCESSOIRES-PETITS ANIMAUX;ACCESSOIRES-PETITS ANIMAUX-AUTRES;ACCESSOIRES-PETITS ANIMAUX-AUTRES-REPTILES
E6AY_YYZZ;ACCESSOIRES-DIVERS;ACCESSOIRES-DIVERS-ITEMS PROMOTIONNELS;ACCESSOIRES-DIVERS-ITEMS PROMOTIONNELS-AUTRES
E9AT_CGZZ;ACCESSOIRES-AUTRES;ACCESSOIRES-AUTRES-PUBLICATIONS;ACCESSOIRES-AUTRES-PUBLICATIONS-LIVRES
E9AT_CHZZ;ACCESSOIRES-AUTRES;ACCESSOIRES-AUTRES-PUBLICATIONS;ACCESSOIRES-AUTRES-PUBLICATIONS-REVUES
E9AT_CIZZ;ACCESSOIRES-AUTRES;ACCESSOIRES-AUTRES-PUBLICATIONS;ACCESSOIRES-AUTRES-PUBLICATIONS-CALENDRIERS ET AGENDAS
E9AT_YYZZ;ACCESSOIRES-AUTRES;ACCESSOIRES-AUTRES-PUBLICATIONS;ACCESSOIRES-AUTRES-PUBLICATIONS-AUTRES
E9AU_CLZZ;ACCESSOIRES-AUTRES;ACCESSOIRES-AUTRES-DIVERS;ACCESSOIRES-AUTRES-DIVERS-CADEAUX
E9AU_WWZZ;ACCESSOIRES-AUTRES;ACCESSOIRES-AUTRES-DIVERS;ACCESSOIRES-AUTRES-DIVERS-MEDAILLE DE LA VILLE
E9AU_YYZZ;ACCESSOIRES-AUTRES;ACCESSOIRES-AUTRES-DIVERS;ACCESSOIRES-AUTRES-DIVERS-AUTRES
GiftCerti;VENDABLE-VENDABLE;VENDABLE-VENDABLE-GIFT CERTIFICATE;VENDABLE-VENDABLE-GIFT CERTIFICATE-AUTRES
X7AY_YYZZ;NON-VENDABLE-ITEM PROMOTIONNEL;NON-VENDABLE-ITEM PROMOTIONNEL-ITEM PROMOTIONNEL;NON-VENDABLE-ITEM PROMOTIONNEL-ITEM PROMOTIONNEL-AUTRES
X8XA_XXZZ;NON-VENDABLE-NON-VENDABLE;NON-VENDABLE-NON-VENDABLE-FOURNITURES ENTRETIEN;NON-VENDABLE-NON-VENDABLE-FOURNITURES ENTRETIEN-êQUIPEMENTS
X8XB_XXZZ;NON-VENDABLE-NON-VENDABLE;NON-VENDABLE-NON-VENDABLE-FOURNITURES CONSOMMABLE;NON-VENDABLE-NON-VENDABLE-FOURNITURES CONSOMMABLE-êQUIPEMENTS
X8XC_XXZZ;NON-VENDABLE-NON-VENDABLE;NON-VENDABLE-NON-VENDABLE-FOURNITURES êQUIPEMENT;NON-VENDABLE-NON-VENDABLE-FOURNITURES êQUIPEMENT-êQUIPEMENTS
X9YA_ZZZZ;NON-VENDABLE-AUTRES;NON-VENDABLE-AUTRES-COUPONS;NON-VENDABLE-AUTRES-COUPONS-NON-DEFINI
X9YB_ZZZZ;NON-VENDABLE-AUTRES;NON-VENDABLE-AUTRES-DONS ;NON-VENDABLE-AUTRES-DONS -NON-DEFINI
X9ZA_ZZZZ;NON-VENDABLE-AUTRES;NON-VENDABLE-AUTRES-MATIERES PREMIERES;NON-VENDABLE-AUTRES-MATIERES PREMIERES-NON-DEFINI
X9ZB_ZZZZ;NON-VENDABLE-AUTRES;NON-VENDABLE-AUTRES-SERVICES;NON-VENDABLE-AUTRES-SERVICES-NON-DEFINI
X9ZE_ZZZZ;NON-VENDABLE-AUTRES;NON-VENDABLE-AUTRES-SACS;NON-VENDABLE-AUTRES-SACS-NON-DEFINI
X9ZF_ZZZZ;NON-VENDABLE-AUTRES;NON-VENDABLE-AUTRES-ARTICLE INVENTAIRE;NON-VENDABLE-AUTRES-ARTICLE INVENTAIRE-NON-DEFINI
Y0ZC_YYZZ;VENDABLE-VENDABLE;VENDABLE-VENDABLE-CARTE-CADEAUX;VENDABLE-VENDABLE-CARTE-CADEAUX-AUTRES
C5AH_YYZZ;PROPRETê-PETITS ANIMAUX;PROPRETê-PETITS ANIMAUX-LITI‘RES;PROPRETê-PETITS ANIMAUX-LITI‘RES-AUTRES
